id,timestamp,contract,gas,is_low,gas_ts
1,2025-09-24T18:51:54.270Z,Caca5cb3,15.61,0,2025-09-24 18:51:54.270000+00:00
2,2025-09-24T18:51:54.270Z,62c6d252,10.96,0,2025-09-24 18:51:54.270000+00:00
3,2025-09-24T18:51:54.270Z,bf9209d2,7.26,0,2025-09-24 18:51:54.270000+00:00
4,2025-09-24T18:51:54.270Z,9550dafc,5.02,0,2025-09-24 18:51:54.270000+00:00
5,2025-09-24T18:51:54.270Z,bf235d96,9.45,0,2025-09-24 18:51:54.270000+00:00
6,2025-09-24T18:51:54.270Z,af2d1679,11.96,0,2025-09-24 18:51:54.270000+00:00
7,2025-09-24T18:51:54.270Z,90d386bc,1.96,1,2025-09-24 18:51:54.270000+00:00
8,2025-09-24T18:51:54.270Z,873d823c,2.96,0,2025-09-24 18:51:54.270000+00:00
9,2025-09-24T18:51:54.270Z,1a2dd680,0.0,1,2025-09-24 18:51:54.270000+00:00
10,2025-09-24T18:51:54.270Z,54354a18,0.0,1,2025-09-24 18:51:54.270000+00:00
11,2025-09-24T18:51:54.270Z,171656d4,0.0,1,2025-09-24 18:51:54.270000+00:00
12,2025-09-24T18:51:54.270Z,93bdd6c5,0.0,1,2025-09-24 18:51:54.270000+00:00
13,2025-09-24T18:51:54.270Z,Total,65.17,0,2025-09-24 18:51:54.270000+00:00
14,2025-09-24T18:52:04.834Z,Caca5cb3,15.61,0,2025-09-24 18:52:04.834000+00:00
15,2025-09-24T18:52:04.834Z,62c6d252,10.96,0,2025-09-24 18:52:04.834000+00:00
16,2025-09-24T18:52:04.834Z,bf9209d2,7.26,0,2025-09-24 18:52:04.834000+00:00
17,2025-09-24T18:52:04.834Z,9550dafc,5.02,0,2025-09-24 18:52:04.834000+00:00
18,2025-09-24T18:52:04.834Z,bf235d96,9.45,0,2025-09-24 18:52:04.834000+00:00
19,2025-09-24T18:52:04.834Z,af2d1679,11.96,0,2025-09-24 18:52:04.834000+00:00
20,2025-09-24T18:52:04.834Z,90d386bc,1.96,1,2025-09-24 18:52:04.834000+00:00
21,2025-09-24T18:52:04.834Z,873d823c,2.96,0,2025-09-24 18:52:04.834000+00:00
22,2025-09-24T18:52:04.834Z,1a2dd680,0.0,1,2025-09-24 18:52:04.834000+00:00
23,2025-09-24T18:52:04.834Z,54354a18,0.0,1,2025-09-24 18:52:04.834000+00:00
24,2025-09-24T18:52:04.834Z,171656d4,0.0,1,2025-09-24 18:52:04.834000+00:00
25,2025-09-24T18:52:04.834Z,93bdd6c5,0.0,1,2025-09-24 18:52:04.834000+00:00
26,2025-09-24T18:52:04.834Z,Total,65.17,0,2025-09-24 18:52:04.834000+00:00
27,2025-09-24T18:54:05.399Z,Caca5cb3,15.59,0,2025-09-24 18:54:05.399000+00:00
28,2025-09-24T18:54:05.399Z,62c6d252,10.9,0,2025-09-24 18:54:05.399000+00:00
29,2025-09-24T18:54:05.399Z,bf9209d2,7.26,0,2025-09-24 18:54:05.399000+00:00
30,2025-09-24T18:54:05.399Z,9550dafc,5.02,0,2025-09-24 18:54:05.399000+00:00
31,2025-09-24T18:54:05.399Z,bf235d96,9.45,0,2025-09-24 18:54:05.399000+00:00
32,2025-09-24T18:54:05.399Z,af2d1679,11.96,0,2025-09-24 18:54:05.399000+00:00
33,2025-09-24T18:54:05.399Z,90d386bc,1.96,1,2025-09-24 18:54:05.399000+00:00
34,2025-09-24T18:54:05.399Z,873d823c,2.96,0,2025-09-24 18:54:05.399000+00:00
35,2025-09-24T18:54:05.399Z,1a2dd680,0.0,1,2025-09-24 18:54:05.399000+00:00
36,2025-09-24T18:54:05.399Z,54354a18,0.0,1,2025-09-24 18:54:05.399000+00:00
37,2025-09-24T18:54:05.399Z,171656d4,0.0,1,2025-09-24 18:54:05.399000+00:00
38,2025-09-24T18:54:05.399Z,93bdd6c5,0.0,1,2025-09-24 18:54:05.399000+00:00
39,2025-09-24T18:54:05.399Z,Total,65.09,0,2025-09-24 18:54:05.399000+00:00
40,2025-09-24T18:56:04.268Z,Caca5cb3,15.59,0,2025-09-24 18:56:04.268000+00:00
41,2025-09-24T18:56:04.268Z,62c6d252,10.9,0,2025-09-24 18:56:04.268000+00:00
42,2025-09-24T18:56:04.268Z,bf9209d2,7.26,0,2025-09-24 18:56:04.268000+00:00
43,2025-09-24T18:56:04.268Z,9550dafc,5.02,0,2025-09-24 18:56:04.268000+00:00
44,2025-09-24T18:56:04.268Z,bf235d96,9.45,0,2025-09-24 18:56:04.268000+00:00
45,2025-09-24T18:56:04.268Z,af2d1679,11.96,0,2025-09-24 18:56:04.268000+00:00
46,2025-09-24T18:56:04.268Z,90d386bc,1.96,1,2025-09-24 18:56:04.268000+00:00
47,2025-09-24T18:56:04.268Z,873d823c,2.96,0,2025-09-24 18:56:04.268000+00:00
48,2025-09-24T18:56:04.268Z,1a2dd680,0.0,1,2025-09-24 18:56:04.268000+00:00
49,2025-09-24T18:56:04.268Z,54354a18,0.0,1,2025-09-24 18:56:04.268000+00:00
50,2025-09-24T18:56:04.268Z,171656d4,0.0,1,2025-09-24 18:56:04.268000+00:00
51,2025-09-24T18:56:04.268Z,93bdd6c5,0.0,1,2025-09-24 18:56:04.268000+00:00
52,2025-09-24T18:56:04.268Z,Total,65.09,0,2025-09-24 18:56:04.268000+00:00
53,2025-09-24T18:58:04.371Z,Caca5cb3,15.59,0,2025-09-24 18:58:04.371000+00:00
54,2025-09-24T18:58:04.371Z,62c6d252,10.9,0,2025-09-24 18:58:04.371000+00:00
55,2025-09-24T18:58:04.371Z,bf9209d2,7.26,0,2025-09-24 18:58:04.371000+00:00
56,2025-09-24T18:58:04.371Z,9550dafc,5.02,0,2025-09-24 18:58:04.371000+00:00
57,2025-09-24T18:58:04.371Z,bf235d96,9.45,0,2025-09-24 18:58:04.371000+00:00
58,2025-09-24T18:58:04.371Z,af2d1679,11.96,0,2025-09-24 18:58:04.371000+00:00
59,2025-09-24T18:58:04.371Z,90d386bc,1.96,1,2025-09-24 18:58:04.371000+00:00
60,2025-09-24T18:58:04.371Z,873d823c,2.96,0,2025-09-24 18:58:04.371000+00:00
61,2025-09-24T18:58:04.371Z,1a2dd680,0.0,1,2025-09-24 18:58:04.371000+00:00
62,2025-09-24T18:58:04.371Z,54354a18,0.0,1,2025-09-24 18:58:04.371000+00:00
63,2025-09-24T18:58:04.371Z,171656d4,0.0,1,2025-09-24 18:58:04.371000+00:00
64,2025-09-24T18:58:04.371Z,93bdd6c5,0.0,1,2025-09-24 18:58:04.371000+00:00
65,2025-09-24T18:58:04.371Z,Total,65.09,0,2025-09-24 18:58:04.371000+00:00
66,2025-09-24T19:02:03.829Z,Caca5cb3,15.34,0,2025-09-24 19:02:03.829000+00:00
67,2025-09-24T19:02:03.829Z,62c6d252,10.83,0,2025-09-24 19:02:03.829000+00:00
68,2025-09-24T19:02:03.829Z,bf9209d2,7.26,0,2025-09-24 19:02:03.829000+00:00
69,2025-09-24T19:02:03.829Z,9550dafc,5.02,0,2025-09-24 19:02:03.829000+00:00
70,2025-09-24T19:02:03.829Z,bf235d96,9.45,0,2025-09-24 19:02:03.829000+00:00
71,2025-09-24T19:02:03.829Z,af2d1679,11.96,0,2025-09-24 19:02:03.829000+00:00
72,2025-09-24T19:02:03.829Z,90d386bc,1.96,1,2025-09-24 19:02:03.829000+00:00
73,2025-09-24T19:02:03.829Z,873d823c,2.96,0,2025-09-24 19:02:03.829000+00:00
74,2025-09-24T19:02:03.829Z,1a2dd680,0.0,1,2025-09-24 19:02:03.829000+00:00
75,2025-09-24T19:02:03.829Z,54354a18,0.0,1,2025-09-24 19:02:03.829000+00:00
76,2025-09-24T19:02:03.829Z,171656d4,0.0,1,2025-09-24 19:02:03.829000+00:00
77,2025-09-24T19:02:03.829Z,93bdd6c5,0.0,1,2025-09-24 19:02:03.829000+00:00
78,2025-09-24T19:02:03.829Z,Total,64.77,0,2025-09-24 19:02:03.829000+00:00
79,2025-09-24T19:04:04.849Z,Caca5cb3,15.34,0,2025-09-24 19:04:04.849000+00:00
80,2025-09-24T19:04:04.849Z,62c6d252,10.83,0,2025-09-24 19:04:04.849000+00:00
81,2025-09-24T19:04:04.849Z,bf9209d2,7.26,0,2025-09-24 19:04:04.849000+00:00
82,2025-09-24T19:04:04.849Z,9550dafc,5.02,0,2025-09-24 19:04:04.849000+00:00
83,2025-09-24T19:04:04.849Z,bf235d96,9.45,0,2025-09-24 19:04:04.849000+00:00
84,2025-09-24T19:04:04.849Z,af2d1679,11.96,0,2025-09-24 19:04:04.849000+00:00
85,2025-09-24T19:04:04.849Z,90d386bc,1.96,1,2025-09-24 19:04:04.849000+00:00
86,2025-09-24T19:04:04.849Z,873d823c,2.96,0,2025-09-24 19:04:04.849000+00:00
87,2025-09-24T19:04:04.849Z,1a2dd680,0.0,1,2025-09-24 19:04:04.849000+00:00
88,2025-09-24T19:04:04.849Z,54354a18,0.0,1,2025-09-24 19:04:04.849000+00:00
89,2025-09-24T19:04:04.849Z,171656d4,0.0,1,2025-09-24 19:04:04.849000+00:00
90,2025-09-24T19:04:04.849Z,93bdd6c5,0.0,1,2025-09-24 19:04:04.849000+00:00
91,2025-09-24T19:04:04.849Z,Total,64.77,0,2025-09-24 19:04:04.849000+00:00
92,2025-09-24T19:06:04.264Z,Caca5cb3,15.33,0,2025-09-24 19:06:04.264000+00:00
93,2025-09-24T19:06:04.264Z,62c6d252,10.83,0,2025-09-24 19:06:04.264000+00:00
94,2025-09-24T19:06:04.264Z,bf9209d2,7.26,0,2025-09-24 19:06:04.264000+00:00
95,2025-09-24T19:06:04.264Z,9550dafc,5.02,0,2025-09-24 19:06:04.264000+00:00
96,2025-09-24T19:06:04.264Z,bf235d96,9.45,0,2025-09-24 19:06:04.264000+00:00
97,2025-09-24T19:06:04.264Z,af2d1679,11.96,0,2025-09-24 19:06:04.264000+00:00
98,2025-09-24T19:06:04.264Z,90d386bc,1.96,1,2025-09-24 19:06:04.264000+00:00
99,2025-09-24T19:06:04.264Z,873d823c,2.96,0,2025-09-24 19:06:04.264000+00:00
100,2025-09-24T19:06:04.264Z,1a2dd680,0.0,1,2025-09-24 19:06:04.264000+00:00
101,2025-09-24T19:06:04.264Z,54354a18,0.0,1,2025-09-24 19:06:04.264000+00:00
102,2025-09-24T19:06:04.264Z,171656d4,0.0,1,2025-09-24 19:06:04.264000+00:00
103,2025-09-24T19:06:04.264Z,93bdd6c5,0.0,1,2025-09-24 19:06:04.264000+00:00
104,2025-09-24T19:06:04.264Z,Total,64.76,0,2025-09-24 19:06:04.264000+00:00
105,2025-09-24T19:08:04.572Z,Caca5cb3,15.33,0,2025-09-24 19:08:04.572000+00:00
106,2025-09-24T19:08:04.572Z,62c6d252,10.83,0,2025-09-24 19:08:04.572000+00:00
107,2025-09-24T19:08:04.572Z,bf9209d2,7.26,0,2025-09-24 19:08:04.572000+00:00
108,2025-09-24T19:08:04.572Z,9550dafc,5.02,0,2025-09-24 19:08:04.572000+00:00
109,2025-09-24T19:08:04.572Z,bf235d96,9.45,0,2025-09-24 19:08:04.572000+00:00
110,2025-09-24T19:08:04.572Z,af2d1679,11.96,0,2025-09-24 19:08:04.572000+00:00
111,2025-09-24T19:08:04.572Z,90d386bc,1.96,1,2025-09-24 19:08:04.572000+00:00
112,2025-09-24T19:08:04.572Z,873d823c,2.96,0,2025-09-24 19:08:04.572000+00:00
113,2025-09-24T19:08:04.572Z,1a2dd680,0.0,1,2025-09-24 19:08:04.572000+00:00
114,2025-09-24T19:08:04.572Z,54354a18,0.0,1,2025-09-24 19:08:04.572000+00:00
115,2025-09-24T19:08:04.572Z,171656d4,0.0,1,2025-09-24 19:08:04.572000+00:00
116,2025-09-24T19:08:04.572Z,93bdd6c5,0.0,1,2025-09-24 19:08:04.572000+00:00
117,2025-09-24T19:08:04.572Z,Total,64.76,0,2025-09-24 19:08:04.572000+00:00
118,2025-09-24T19:10:04.350Z,Caca5cb3,15.33,0,2025-09-24 19:10:04.350000+00:00
119,2025-09-24T19:10:04.350Z,62c6d252,10.83,0,2025-09-24 19:10:04.350000+00:00
120,2025-09-24T19:10:04.350Z,bf9209d2,7.26,0,2025-09-24 19:10:04.350000+00:00
121,2025-09-24T19:10:04.350Z,9550dafc,5.02,0,2025-09-24 19:10:04.350000+00:00
122,2025-09-24T19:10:04.350Z,bf235d96,9.45,0,2025-09-24 19:10:04.350000+00:00
123,2025-09-24T19:10:04.350Z,af2d1679,11.96,0,2025-09-24 19:10:04.350000+00:00
124,2025-09-24T19:10:04.350Z,90d386bc,1.96,1,2025-09-24 19:10:04.350000+00:00
125,2025-09-24T19:10:04.350Z,873d823c,2.96,0,2025-09-24 19:10:04.350000+00:00
126,2025-09-24T19:10:04.350Z,1a2dd680,0.0,1,2025-09-24 19:10:04.350000+00:00
127,2025-09-24T19:10:04.350Z,54354a18,0.0,1,2025-09-24 19:10:04.350000+00:00
128,2025-09-24T19:10:04.350Z,171656d4,0.0,1,2025-09-24 19:10:04.350000+00:00
129,2025-09-24T19:10:04.350Z,93bdd6c5,0.0,1,2025-09-24 19:10:04.350000+00:00
130,2025-09-24T19:10:04.350Z,Total,64.76,0,2025-09-24 19:10:04.350000+00:00
131,2025-09-24T19:12:04.264Z,Caca5cb3,15.31,0,2025-09-24 19:12:04.264000+00:00
132,2025-09-24T19:12:04.264Z,62c6d252,10.83,0,2025-09-24 19:12:04.264000+00:00
133,2025-09-24T19:12:04.264Z,bf9209d2,7.26,0,2025-09-24 19:12:04.264000+00:00
134,2025-09-24T19:12:04.264Z,9550dafc,5.02,0,2025-09-24 19:12:04.264000+00:00
135,2025-09-24T19:12:04.264Z,bf235d96,9.45,0,2025-09-24 19:12:04.264000+00:00
136,2025-09-24T19:12:04.264Z,af2d1679,11.96,0,2025-09-24 19:12:04.264000+00:00
137,2025-09-24T19:12:04.264Z,90d386bc,1.96,1,2025-09-24 19:12:04.264000+00:00
138,2025-09-24T19:12:04.264Z,873d823c,2.96,0,2025-09-24 19:12:04.264000+00:00
139,2025-09-24T19:12:04.264Z,1a2dd680,0.0,1,2025-09-24 19:12:04.264000+00:00
140,2025-09-24T19:12:04.264Z,54354a18,0.0,1,2025-09-24 19:12:04.264000+00:00
141,2025-09-24T19:12:04.264Z,171656d4,0.0,1,2025-09-24 19:12:04.264000+00:00
142,2025-09-24T19:12:04.264Z,93bdd6c5,0.0,1,2025-09-24 19:12:04.264000+00:00
143,2025-09-24T19:12:04.264Z,Total,64.74,0,2025-09-24 19:12:04.264000+00:00
144,2025-09-24T19:14:04.319Z,Caca5cb3,15.27,0,2025-09-24 19:14:04.319000+00:00
145,2025-09-24T19:14:04.319Z,62c6d252,10.8,0,2025-09-24 19:14:04.319000+00:00
146,2025-09-24T19:14:04.319Z,bf9209d2,7.25,0,2025-09-24 19:14:04.319000+00:00
147,2025-09-24T19:14:04.319Z,9550dafc,4.99,0,2025-09-24 19:14:04.319000+00:00
148,2025-09-24T19:14:04.319Z,bf235d96,9.45,0,2025-09-24 19:14:04.319000+00:00
149,2025-09-24T19:14:04.319Z,af2d1679,11.96,0,2025-09-24 19:14:04.319000+00:00
150,2025-09-24T19:14:04.319Z,90d386bc,1.96,1,2025-09-24 19:14:04.319000+00:00
151,2025-09-24T19:14:04.319Z,873d823c,2.96,0,2025-09-24 19:14:04.319000+00:00
152,2025-09-24T19:14:04.319Z,1a2dd680,0.0,1,2025-09-24 19:14:04.319000+00:00
153,2025-09-24T19:14:04.319Z,54354a18,0.0,1,2025-09-24 19:14:04.319000+00:00
154,2025-09-24T19:14:04.319Z,171656d4,0.0,1,2025-09-24 19:14:04.319000+00:00
155,2025-09-24T19:14:04.319Z,93bdd6c5,0.0,1,2025-09-24 19:14:04.319000+00:00
156,2025-09-24T19:14:04.319Z,Total,64.63,0,2025-09-24 19:14:04.319000+00:00
157,2025-09-24T19:16:04.834Z,Caca5cb3,15.27,0,2025-09-24 19:16:04.834000+00:00
158,2025-09-24T19:16:04.834Z,62c6d252,10.8,0,2025-09-24 19:16:04.834000+00:00
159,2025-09-24T19:16:04.834Z,bf9209d2,7.25,0,2025-09-24 19:16:04.834000+00:00
160,2025-09-24T19:16:04.834Z,9550dafc,4.99,0,2025-09-24 19:16:04.834000+00:00
161,2025-09-24T19:16:04.834Z,bf235d96,9.45,0,2025-09-24 19:16:04.834000+00:00
162,2025-09-24T19:16:04.834Z,af2d1679,11.96,0,2025-09-24 19:16:04.834000+00:00
163,2025-09-24T19:16:04.834Z,90d386bc,1.96,1,2025-09-24 19:16:04.834000+00:00
164,2025-09-24T19:16:04.834Z,873d823c,2.96,0,2025-09-24 19:16:04.834000+00:00
165,2025-09-24T19:16:04.834Z,1a2dd680,0.0,1,2025-09-24 19:16:04.834000+00:00
166,2025-09-24T19:16:04.834Z,54354a18,0.0,1,2025-09-24 19:16:04.834000+00:00
167,2025-09-24T19:16:04.834Z,171656d4,0.0,1,2025-09-24 19:16:04.834000+00:00
168,2025-09-24T19:16:04.834Z,93bdd6c5,0.0,1,2025-09-24 19:16:04.834000+00:00
169,2025-09-24T19:16:04.834Z,Total,64.63,0,2025-09-24 19:16:04.834000+00:00
170,2025-09-24T19:18:04.167Z,Caca5cb3,15.27,0,2025-09-24 19:18:04.167000+00:00
171,2025-09-24T19:18:04.167Z,62c6d252,10.8,0,2025-09-24 19:18:04.167000+00:00
172,2025-09-24T19:18:04.167Z,bf9209d2,7.25,0,2025-09-24 19:18:04.167000+00:00
173,2025-09-24T19:18:04.167Z,9550dafc,4.99,0,2025-09-24 19:18:04.167000+00:00
174,2025-09-24T19:18:04.167Z,bf235d96,9.45,0,2025-09-24 19:18:04.167000+00:00
175,2025-09-24T19:18:04.167Z,af2d1679,11.96,0,2025-09-24 19:18:04.167000+00:00
176,2025-09-24T19:18:04.167Z,90d386bc,1.96,1,2025-09-24 19:18:04.167000+00:00
177,2025-09-24T19:18:04.167Z,873d823c,2.96,0,2025-09-24 19:18:04.167000+00:00
178,2025-09-24T19:18:04.167Z,1a2dd680,0.0,1,2025-09-24 19:18:04.167000+00:00
179,2025-09-24T19:18:04.167Z,54354a18,0.0,1,2025-09-24 19:18:04.167000+00:00
180,2025-09-24T19:18:04.167Z,171656d4,0.0,1,2025-09-24 19:18:04.167000+00:00
181,2025-09-24T19:18:04.167Z,93bdd6c5,0.0,1,2025-09-24 19:18:04.167000+00:00
182,2025-09-24T19:18:04.167Z,Total,64.63,0,2025-09-24 19:18:04.167000+00:00
183,2025-09-24T19:20:04.790Z,Caca5cb3,15.26,0,2025-09-24 19:20:04.790000+00:00
184,2025-09-24T19:20:04.790Z,62c6d252,10.8,0,2025-09-24 19:20:04.790000+00:00
185,2025-09-24T19:20:04.790Z,bf9209d2,7.25,0,2025-09-24 19:20:04.790000+00:00
186,2025-09-24T19:20:04.790Z,9550dafc,4.99,0,2025-09-24 19:20:04.790000+00:00
187,2025-09-24T19:20:04.790Z,bf235d96,9.45,0,2025-09-24 19:20:04.790000+00:00
188,2025-09-24T19:20:04.790Z,af2d1679,11.96,0,2025-09-24 19:20:04.790000+00:00
189,2025-09-24T19:20:04.790Z,90d386bc,1.96,1,2025-09-24 19:20:04.790000+00:00
190,2025-09-24T19:20:04.790Z,873d823c,2.96,0,2025-09-24 19:20:04.790000+00:00
191,2025-09-24T19:20:04.790Z,1a2dd680,0.0,1,2025-09-24 19:20:04.790000+00:00
192,2025-09-24T19:20:04.790Z,54354a18,0.0,1,2025-09-24 19:20:04.790000+00:00
193,2025-09-24T19:20:04.790Z,171656d4,0.0,1,2025-09-24 19:20:04.790000+00:00
194,2025-09-24T19:20:04.790Z,93bdd6c5,0.0,1,2025-09-24 19:20:04.790000+00:00
195,2025-09-24T19:20:04.790Z,Total,64.62,0,2025-09-24 19:20:04.790000+00:00
196,2025-09-24T19:22:04.466Z,Caca5cb3,15.26,0,2025-09-24 19:22:04.466000+00:00
197,2025-09-24T19:22:04.466Z,62c6d252,10.8,0,2025-09-24 19:22:04.466000+00:00
198,2025-09-24T19:22:04.466Z,bf9209d2,7.25,0,2025-09-24 19:22:04.466000+00:00
199,2025-09-24T19:22:04.466Z,9550dafc,4.99,0,2025-09-24 19:22:04.466000+00:00
200,2025-09-24T19:22:04.466Z,bf235d96,9.45,0,2025-09-24 19:22:04.466000+00:00
201,2025-09-24T19:22:04.466Z,af2d1679,11.96,0,2025-09-24 19:22:04.466000+00:00
202,2025-09-24T19:22:04.466Z,90d386bc,1.96,1,2025-09-24 19:22:04.466000+00:00
203,2025-09-24T19:22:04.466Z,873d823c,2.96,0,2025-09-24 19:22:04.466000+00:00
204,2025-09-24T19:22:04.466Z,1a2dd680,0.0,1,2025-09-24 19:22:04.466000+00:00
205,2025-09-24T19:22:04.466Z,54354a18,0.0,1,2025-09-24 19:22:04.466000+00:00
206,2025-09-24T19:22:04.466Z,171656d4,0.0,1,2025-09-24 19:22:04.466000+00:00
207,2025-09-24T19:22:04.466Z,93bdd6c5,0.0,1,2025-09-24 19:22:04.466000+00:00
208,2025-09-24T19:22:04.466Z,Total,64.62,0,2025-09-24 19:22:04.466000+00:00
209,2025-09-24T19:24:04.170Z,Caca5cb3,15.24,0,2025-09-24 19:24:04.170000+00:00
210,2025-09-24T19:24:04.170Z,62c6d252,10.77,0,2025-09-24 19:24:04.170000+00:00
211,2025-09-24T19:24:04.170Z,bf9209d2,7.25,0,2025-09-24 19:24:04.170000+00:00
212,2025-09-24T19:24:04.170Z,9550dafc,4.99,0,2025-09-24 19:24:04.170000+00:00
213,2025-09-24T19:24:04.170Z,bf235d96,9.45,0,2025-09-24 19:24:04.170000+00:00
214,2025-09-24T19:24:04.170Z,af2d1679,11.96,0,2025-09-24 19:24:04.170000+00:00
215,2025-09-24T19:24:04.170Z,90d386bc,1.96,1,2025-09-24 19:24:04.170000+00:00
216,2025-09-24T19:24:04.170Z,873d823c,2.96,0,2025-09-24 19:24:04.170000+00:00
217,2025-09-24T19:24:04.170Z,1a2dd680,0.0,1,2025-09-24 19:24:04.170000+00:00
218,2025-09-24T19:24:04.170Z,54354a18,0.0,1,2025-09-24 19:24:04.170000+00:00
219,2025-09-24T19:24:04.170Z,171656d4,0.0,1,2025-09-24 19:24:04.170000+00:00
220,2025-09-24T19:24:04.170Z,93bdd6c5,0.0,1,2025-09-24 19:24:04.170000+00:00
221,2025-09-24T19:24:04.170Z,Total,64.57,0,2025-09-24 19:24:04.170000+00:00
222,2025-09-24T19:26:04.028Z,Caca5cb3,15.24,0,2025-09-24 19:26:04.028000+00:00
223,2025-09-24T19:26:04.028Z,62c6d252,10.77,0,2025-09-24 19:26:04.028000+00:00
224,2025-09-24T19:26:04.028Z,bf9209d2,7.25,0,2025-09-24 19:26:04.028000+00:00
225,2025-09-24T19:26:04.028Z,9550dafc,4.99,0,2025-09-24 19:26:04.028000+00:00
226,2025-09-24T19:26:04.028Z,bf235d96,9.45,0,2025-09-24 19:26:04.028000+00:00
227,2025-09-24T19:26:04.028Z,af2d1679,11.96,0,2025-09-24 19:26:04.028000+00:00
228,2025-09-24T19:26:04.028Z,90d386bc,1.96,1,2025-09-24 19:26:04.028000+00:00
229,2025-09-24T19:26:04.028Z,873d823c,2.96,0,2025-09-24 19:26:04.028000+00:00
230,2025-09-24T19:26:04.028Z,1a2dd680,0.0,1,2025-09-24 19:26:04.028000+00:00
231,2025-09-24T19:26:04.028Z,54354a18,0.0,1,2025-09-24 19:26:04.028000+00:00
232,2025-09-24T19:26:04.028Z,171656d4,0.0,1,2025-09-24 19:26:04.028000+00:00
233,2025-09-24T19:26:04.028Z,93bdd6c5,0.0,1,2025-09-24 19:26:04.028000+00:00
234,2025-09-24T19:26:04.028Z,Total,64.57,0,2025-09-24 19:26:04.028000+00:00
235,2025-09-24T19:28:04.360Z,Caca5cb3,15.24,0,2025-09-24 19:28:04.360000+00:00
236,2025-09-24T19:28:04.360Z,62c6d252,10.77,0,2025-09-24 19:28:04.360000+00:00
237,2025-09-24T19:28:04.360Z,bf9209d2,7.25,0,2025-09-24 19:28:04.360000+00:00
238,2025-09-24T19:28:04.360Z,9550dafc,4.99,0,2025-09-24 19:28:04.360000+00:00
239,2025-09-24T19:28:04.360Z,bf235d96,9.45,0,2025-09-24 19:28:04.360000+00:00
240,2025-09-24T19:28:04.360Z,af2d1679,11.96,0,2025-09-24 19:28:04.360000+00:00
241,2025-09-24T19:28:04.360Z,90d386bc,1.96,1,2025-09-24 19:28:04.360000+00:00
242,2025-09-24T19:28:04.360Z,873d823c,2.96,0,2025-09-24 19:28:04.360000+00:00
243,2025-09-24T19:28:04.360Z,1a2dd680,0.0,1,2025-09-24 19:28:04.360000+00:00
244,2025-09-24T19:28:04.360Z,54354a18,0.0,1,2025-09-24 19:28:04.360000+00:00
245,2025-09-24T19:28:04.360Z,171656d4,0.0,1,2025-09-24 19:28:04.360000+00:00
246,2025-09-24T19:28:04.360Z,93bdd6c5,0.0,1,2025-09-24 19:28:04.360000+00:00
247,2025-09-24T19:28:04.360Z,Total,64.57,0,2025-09-24 19:28:04.360000+00:00
248,2025-09-24T19:30:04.535Z,Caca5cb3,15.24,0,2025-09-24 19:30:04.535000+00:00
249,2025-09-24T19:30:04.535Z,62c6d252,10.77,0,2025-09-24 19:30:04.535000+00:00
250,2025-09-24T19:30:04.535Z,bf9209d2,7.25,0,2025-09-24 19:30:04.535000+00:00
251,2025-09-24T19:30:04.535Z,9550dafc,4.99,0,2025-09-24 19:30:04.535000+00:00
252,2025-09-24T19:30:04.535Z,bf235d96,9.45,0,2025-09-24 19:30:04.535000+00:00
253,2025-09-24T19:30:04.535Z,af2d1679,11.96,0,2025-09-24 19:30:04.535000+00:00
254,2025-09-24T19:30:04.535Z,90d386bc,1.96,1,2025-09-24 19:30:04.535000+00:00
255,2025-09-24T19:30:04.535Z,873d823c,2.96,0,2025-09-24 19:30:04.535000+00:00
256,2025-09-24T19:30:04.535Z,1a2dd680,0.0,1,2025-09-24 19:30:04.535000+00:00
257,2025-09-24T19:30:04.535Z,54354a18,0.0,1,2025-09-24 19:30:04.535000+00:00
258,2025-09-24T19:30:04.535Z,171656d4,0.0,1,2025-09-24 19:30:04.535000+00:00
259,2025-09-24T19:30:04.535Z,93bdd6c5,0.0,1,2025-09-24 19:30:04.535000+00:00
260,2025-09-24T19:30:04.535Z,Total,64.57,0,2025-09-24 19:30:04.535000+00:00
261,2025-09-24T19:32:04.461Z,Caca5cb3,15.24,0,2025-09-24 19:32:04.461000+00:00
262,2025-09-24T19:32:04.461Z,62c6d252,10.77,0,2025-09-24 19:32:04.461000+00:00
263,2025-09-24T19:32:04.461Z,bf9209d2,7.25,0,2025-09-24 19:32:04.461000+00:00
264,2025-09-24T19:32:04.461Z,9550dafc,4.99,0,2025-09-24 19:32:04.461000+00:00
265,2025-09-24T19:32:04.461Z,bf235d96,9.45,0,2025-09-24 19:32:04.461000+00:00
266,2025-09-24T19:32:04.461Z,af2d1679,11.96,0,2025-09-24 19:32:04.461000+00:00
267,2025-09-24T19:32:04.461Z,90d386bc,1.96,1,2025-09-24 19:32:04.461000+00:00
268,2025-09-24T19:32:04.461Z,873d823c,2.96,0,2025-09-24 19:32:04.461000+00:00
269,2025-09-24T19:32:04.461Z,1a2dd680,0.0,1,2025-09-24 19:32:04.461000+00:00
270,2025-09-24T19:32:04.461Z,54354a18,0.0,1,2025-09-24 19:32:04.461000+00:00
271,2025-09-24T19:32:04.461Z,171656d4,0.0,1,2025-09-24 19:32:04.461000+00:00
272,2025-09-24T19:32:04.461Z,93bdd6c5,0.0,1,2025-09-24 19:32:04.461000+00:00
273,2025-09-24T19:32:04.461Z,Total,64.57,0,2025-09-24 19:32:04.461000+00:00
274,2025-09-24T19:34:04.628Z,Caca5cb3,15.24,0,2025-09-24 19:34:04.628000+00:00
275,2025-09-24T19:34:04.628Z,62c6d252,10.77,0,2025-09-24 19:34:04.628000+00:00
276,2025-09-24T19:34:04.628Z,bf9209d2,7.25,0,2025-09-24 19:34:04.628000+00:00
277,2025-09-24T19:34:04.628Z,9550dafc,4.99,0,2025-09-24 19:34:04.628000+00:00
278,2025-09-24T19:34:04.628Z,bf235d96,9.45,0,2025-09-24 19:34:04.628000+00:00
279,2025-09-24T19:34:04.628Z,af2d1679,11.96,0,2025-09-24 19:34:04.628000+00:00
280,2025-09-24T19:34:04.628Z,90d386bc,1.96,1,2025-09-24 19:34:04.628000+00:00
281,2025-09-24T19:34:04.628Z,873d823c,2.96,0,2025-09-24 19:34:04.628000+00:00
282,2025-09-24T19:34:04.628Z,1a2dd680,0.0,1,2025-09-24 19:34:04.628000+00:00
283,2025-09-24T19:34:04.628Z,54354a18,0.0,1,2025-09-24 19:34:04.628000+00:00
284,2025-09-24T19:34:04.628Z,171656d4,0.0,1,2025-09-24 19:34:04.628000+00:00
285,2025-09-24T19:34:04.628Z,93bdd6c5,0.0,1,2025-09-24 19:34:04.628000+00:00
286,2025-09-24T19:34:04.628Z,Total,64.57,0,2025-09-24 19:34:04.628000+00:00
287,2025-09-24T19:36:04.265Z,Caca5cb3,15.24,0,2025-09-24 19:36:04.265000+00:00
288,2025-09-24T19:36:04.265Z,62c6d252,10.77,0,2025-09-24 19:36:04.265000+00:00
289,2025-09-24T19:36:04.265Z,bf9209d2,7.25,0,2025-09-24 19:36:04.265000+00:00
290,2025-09-24T19:36:04.265Z,9550dafc,4.99,0,2025-09-24 19:36:04.265000+00:00
291,2025-09-24T19:36:04.265Z,bf235d96,9.45,0,2025-09-24 19:36:04.265000+00:00
292,2025-09-24T19:36:04.265Z,af2d1679,11.96,0,2025-09-24 19:36:04.265000+00:00
293,2025-09-24T19:36:04.265Z,90d386bc,1.96,1,2025-09-24 19:36:04.265000+00:00
294,2025-09-24T19:36:04.265Z,873d823c,2.96,0,2025-09-24 19:36:04.265000+00:00
295,2025-09-24T19:36:04.265Z,1a2dd680,0.0,1,2025-09-24 19:36:04.265000+00:00
296,2025-09-24T19:36:04.265Z,54354a18,0.0,1,2025-09-24 19:36:04.265000+00:00
297,2025-09-24T19:36:04.265Z,171656d4,0.0,1,2025-09-24 19:36:04.265000+00:00
298,2025-09-24T19:36:04.265Z,93bdd6c5,0.0,1,2025-09-24 19:36:04.265000+00:00
299,2025-09-24T19:36:04.265Z,Total,64.57,0,2025-09-24 19:36:04.265000+00:00
300,2025-09-24T19:38:04.437Z,Caca5cb3,15.24,0,2025-09-24 19:38:04.437000+00:00
301,2025-09-24T19:38:04.437Z,62c6d252,10.77,0,2025-09-24 19:38:04.437000+00:00
302,2025-09-24T19:38:04.437Z,bf9209d2,7.25,0,2025-09-24 19:38:04.437000+00:00
303,2025-09-24T19:38:04.437Z,9550dafc,4.99,0,2025-09-24 19:38:04.437000+00:00
304,2025-09-24T19:38:04.437Z,bf235d96,9.45,0,2025-09-24 19:38:04.437000+00:00
305,2025-09-24T19:38:04.437Z,af2d1679,11.96,0,2025-09-24 19:38:04.437000+00:00
306,2025-09-24T19:38:04.437Z,90d386bc,1.96,1,2025-09-24 19:38:04.437000+00:00
307,2025-09-24T19:38:04.437Z,873d823c,2.96,0,2025-09-24 19:38:04.437000+00:00
308,2025-09-24T19:38:04.437Z,1a2dd680,0.0,1,2025-09-24 19:38:04.437000+00:00
309,2025-09-24T19:38:04.437Z,54354a18,0.0,1,2025-09-24 19:38:04.437000+00:00
310,2025-09-24T19:38:04.437Z,171656d4,0.0,1,2025-09-24 19:38:04.437000+00:00
311,2025-09-24T19:38:04.437Z,93bdd6c5,0.0,1,2025-09-24 19:38:04.437000+00:00
312,2025-09-24T19:38:04.437Z,Total,64.57,0,2025-09-24 19:38:04.437000+00:00
313,2025-09-24T19:40:04.288Z,Caca5cb3,15.18,0,2025-09-24 19:40:04.288000+00:00
314,2025-09-24T19:40:04.288Z,62c6d252,10.66,0,2025-09-24 19:40:04.288000+00:00
315,2025-09-24T19:40:04.288Z,bf9209d2,7.24,0,2025-09-24 19:40:04.288000+00:00
316,2025-09-24T19:40:04.288Z,9550dafc,4.99,0,2025-09-24 19:40:04.288000+00:00
317,2025-09-24T19:40:04.288Z,bf235d96,9.43,0,2025-09-24 19:40:04.288000+00:00
318,2025-09-24T19:40:04.288Z,af2d1679,11.95,0,2025-09-24 19:40:04.288000+00:00
319,2025-09-24T19:40:04.288Z,90d386bc,1.96,1,2025-09-24 19:40:04.288000+00:00
320,2025-09-24T19:40:04.288Z,873d823c,2.96,0,2025-09-24 19:40:04.288000+00:00
321,2025-09-24T19:40:04.288Z,1a2dd680,0.0,1,2025-09-24 19:40:04.288000+00:00
322,2025-09-24T19:40:04.288Z,54354a18,0.0,1,2025-09-24 19:40:04.288000+00:00
323,2025-09-24T19:40:04.288Z,171656d4,0.0,1,2025-09-24 19:40:04.288000+00:00
324,2025-09-24T19:40:04.288Z,93bdd6c5,0.0,1,2025-09-24 19:40:04.288000+00:00
325,2025-09-24T19:40:04.288Z,Total,64.37,0,2025-09-24 19:40:04.288000+00:00
326,2025-09-24T19:42:04.302Z,Caca5cb3,15.18,0,2025-09-24 19:42:04.302000+00:00
327,2025-09-24T19:42:04.302Z,62c6d252,10.66,0,2025-09-24 19:42:04.302000+00:00
328,2025-09-24T19:42:04.302Z,bf9209d2,7.24,0,2025-09-24 19:42:04.302000+00:00
329,2025-09-24T19:42:04.302Z,9550dafc,4.99,0,2025-09-24 19:42:04.302000+00:00
330,2025-09-24T19:42:04.302Z,bf235d96,9.43,0,2025-09-24 19:42:04.302000+00:00
331,2025-09-24T19:42:04.302Z,af2d1679,11.95,0,2025-09-24 19:42:04.302000+00:00
332,2025-09-24T19:42:04.302Z,90d386bc,1.96,1,2025-09-24 19:42:04.302000+00:00
333,2025-09-24T19:42:04.302Z,873d823c,2.96,0,2025-09-24 19:42:04.302000+00:00
334,2025-09-24T19:42:04.302Z,1a2dd680,0.0,1,2025-09-24 19:42:04.302000+00:00
335,2025-09-24T19:42:04.302Z,54354a18,0.0,1,2025-09-24 19:42:04.302000+00:00
336,2025-09-24T19:42:04.302Z,171656d4,0.0,1,2025-09-24 19:42:04.302000+00:00
337,2025-09-24T19:42:04.302Z,93bdd6c5,0.0,1,2025-09-24 19:42:04.302000+00:00
338,2025-09-24T19:42:04.302Z,Total,64.37,0,2025-09-24 19:42:04.302000+00:00
339,2025-09-24T19:44:04.272Z,Caca5cb3,15.18,0,2025-09-24 19:44:04.272000+00:00
340,2025-09-24T19:44:04.272Z,62c6d252,10.66,0,2025-09-24 19:44:04.272000+00:00
341,2025-09-24T19:44:04.272Z,bf9209d2,7.24,0,2025-09-24 19:44:04.272000+00:00
342,2025-09-24T19:44:04.272Z,9550dafc,4.99,0,2025-09-24 19:44:04.272000+00:00
343,2025-09-24T19:44:04.272Z,bf235d96,9.43,0,2025-09-24 19:44:04.272000+00:00
344,2025-09-24T19:44:04.272Z,af2d1679,11.95,0,2025-09-24 19:44:04.272000+00:00
345,2025-09-24T19:44:04.272Z,90d386bc,1.96,1,2025-09-24 19:44:04.272000+00:00
346,2025-09-24T19:44:04.272Z,873d823c,2.96,0,2025-09-24 19:44:04.272000+00:00
347,2025-09-24T19:44:04.272Z,1a2dd680,0.0,1,2025-09-24 19:44:04.272000+00:00
348,2025-09-24T19:44:04.272Z,54354a18,0.0,1,2025-09-24 19:44:04.272000+00:00
349,2025-09-24T19:44:04.272Z,171656d4,0.0,1,2025-09-24 19:44:04.272000+00:00
350,2025-09-24T19:44:04.272Z,93bdd6c5,0.0,1,2025-09-24 19:44:04.272000+00:00
351,2025-09-24T19:44:04.272Z,Total,64.37,0,2025-09-24 19:44:04.272000+00:00
352,2025-09-24T19:46:04.380Z,Caca5cb3,15.18,0,2025-09-24 19:46:04.380000+00:00
353,2025-09-24T19:46:04.380Z,62c6d252,10.66,0,2025-09-24 19:46:04.380000+00:00
354,2025-09-24T19:46:04.380Z,bf9209d2,7.24,0,2025-09-24 19:46:04.380000+00:00
355,2025-09-24T19:46:04.380Z,9550dafc,4.99,0,2025-09-24 19:46:04.380000+00:00
356,2025-09-24T19:46:04.380Z,bf235d96,9.43,0,2025-09-24 19:46:04.380000+00:00
357,2025-09-24T19:46:04.380Z,af2d1679,11.95,0,2025-09-24 19:46:04.380000+00:00
358,2025-09-24T19:46:04.380Z,90d386bc,1.96,1,2025-09-24 19:46:04.380000+00:00
359,2025-09-24T19:46:04.380Z,873d823c,2.96,0,2025-09-24 19:46:04.380000+00:00
360,2025-09-24T19:46:04.380Z,1a2dd680,0.0,1,2025-09-24 19:46:04.380000+00:00
361,2025-09-24T19:46:04.380Z,54354a18,0.0,1,2025-09-24 19:46:04.380000+00:00
362,2025-09-24T19:46:04.380Z,171656d4,0.0,1,2025-09-24 19:46:04.380000+00:00
363,2025-09-24T19:46:04.380Z,93bdd6c5,0.0,1,2025-09-24 19:46:04.380000+00:00
364,2025-09-24T19:46:04.380Z,Total,64.37,0,2025-09-24 19:46:04.380000+00:00
365,2025-09-24T19:48:04.542Z,Caca5cb3,15.18,0,2025-09-24 19:48:04.542000+00:00
366,2025-09-24T19:48:04.542Z,62c6d252,10.66,0,2025-09-24 19:48:04.542000+00:00
367,2025-09-24T19:48:04.542Z,bf9209d2,7.24,0,2025-09-24 19:48:04.542000+00:00
368,2025-09-24T19:48:04.542Z,9550dafc,4.99,0,2025-09-24 19:48:04.542000+00:00
369,2025-09-24T19:48:04.542Z,bf235d96,9.43,0,2025-09-24 19:48:04.542000+00:00
370,2025-09-24T19:48:04.542Z,af2d1679,11.95,0,2025-09-24 19:48:04.542000+00:00
371,2025-09-24T19:48:04.542Z,90d386bc,1.96,1,2025-09-24 19:48:04.542000+00:00
372,2025-09-24T19:48:04.542Z,873d823c,2.96,0,2025-09-24 19:48:04.542000+00:00
373,2025-09-24T19:48:04.542Z,1a2dd680,0.0,1,2025-09-24 19:48:04.542000+00:00
374,2025-09-24T19:48:04.542Z,54354a18,0.0,1,2025-09-24 19:48:04.542000+00:00
375,2025-09-24T19:48:04.542Z,171656d4,0.0,1,2025-09-24 19:48:04.542000+00:00
376,2025-09-24T19:48:04.542Z,93bdd6c5,0.0,1,2025-09-24 19:48:04.542000+00:00
377,2025-09-24T19:48:04.542Z,Total,64.37,0,2025-09-24 19:48:04.542000+00:00
378,2025-09-24T19:50:04.486Z,Caca5cb3,15.18,0,2025-09-24 19:50:04.486000+00:00
379,2025-09-24T19:50:04.486Z,62c6d252,10.66,0,2025-09-24 19:50:04.486000+00:00
380,2025-09-24T19:50:04.486Z,bf9209d2,7.24,0,2025-09-24 19:50:04.486000+00:00
381,2025-09-24T19:50:04.486Z,9550dafc,4.99,0,2025-09-24 19:50:04.486000+00:00
382,2025-09-24T19:50:04.486Z,bf235d96,9.43,0,2025-09-24 19:50:04.486000+00:00
383,2025-09-24T19:50:04.486Z,af2d1679,11.95,0,2025-09-24 19:50:04.486000+00:00
384,2025-09-24T19:50:04.486Z,90d386bc,1.96,1,2025-09-24 19:50:04.486000+00:00
385,2025-09-24T19:50:04.486Z,873d823c,2.96,0,2025-09-24 19:50:04.486000+00:00
386,2025-09-24T19:50:04.486Z,1a2dd680,0.0,1,2025-09-24 19:50:04.486000+00:00
387,2025-09-24T19:50:04.486Z,54354a18,0.0,1,2025-09-24 19:50:04.486000+00:00
388,2025-09-24T19:50:04.486Z,171656d4,0.0,1,2025-09-24 19:50:04.486000+00:00
389,2025-09-24T19:50:04.486Z,93bdd6c5,0.0,1,2025-09-24 19:50:04.486000+00:00
390,2025-09-24T19:50:04.486Z,Total,64.37,0,2025-09-24 19:50:04.486000+00:00
391,2025-09-24T19:52:04.735Z,Caca5cb3,15.12,0,2025-09-24 19:52:04.735000+00:00
392,2025-09-24T19:52:04.735Z,62c6d252,10.66,0,2025-09-24 19:52:04.735000+00:00
393,2025-09-24T19:52:04.735Z,bf9209d2,7.24,0,2025-09-24 19:52:04.735000+00:00
394,2025-09-24T19:52:04.735Z,9550dafc,4.99,0,2025-09-24 19:52:04.735000+00:00
395,2025-09-24T19:52:04.735Z,bf235d96,9.43,0,2025-09-24 19:52:04.735000+00:00
396,2025-09-24T19:52:04.735Z,af2d1679,11.95,0,2025-09-24 19:52:04.735000+00:00
397,2025-09-24T19:52:04.735Z,90d386bc,1.96,1,2025-09-24 19:52:04.735000+00:00
398,2025-09-24T19:52:04.735Z,873d823c,2.96,0,2025-09-24 19:52:04.735000+00:00
399,2025-09-24T19:52:04.735Z,1a2dd680,0.0,1,2025-09-24 19:52:04.735000+00:00
400,2025-09-24T19:52:04.735Z,54354a18,0.0,1,2025-09-24 19:52:04.735000+00:00
401,2025-09-24T19:52:04.735Z,171656d4,0.0,1,2025-09-24 19:52:04.735000+00:00
402,2025-09-24T19:52:04.735Z,93bdd6c5,0.0,1,2025-09-24 19:52:04.735000+00:00
403,2025-09-24T19:52:04.735Z,Total,64.31,0,2025-09-24 19:52:04.735000+00:00
404,2025-09-24T19:54:04.355Z,Caca5cb3,15.09,0,2025-09-24 19:54:04.355000+00:00
405,2025-09-24T19:54:04.355Z,62c6d252,10.58,0,2025-09-24 19:54:04.355000+00:00
406,2025-09-24T19:54:04.355Z,bf9209d2,7.24,0,2025-09-24 19:54:04.355000+00:00
407,2025-09-24T19:54:04.355Z,9550dafc,4.99,0,2025-09-24 19:54:04.355000+00:00
408,2025-09-24T19:54:04.355Z,bf235d96,9.43,0,2025-09-24 19:54:04.355000+00:00
409,2025-09-24T19:54:04.355Z,af2d1679,11.95,0,2025-09-24 19:54:04.355000+00:00
410,2025-09-24T19:54:04.355Z,90d386bc,1.96,1,2025-09-24 19:54:04.355000+00:00
411,2025-09-24T19:54:04.355Z,873d823c,2.96,0,2025-09-24 19:54:04.355000+00:00
412,2025-09-24T19:54:04.355Z,1a2dd680,0.0,1,2025-09-24 19:54:04.355000+00:00
413,2025-09-24T19:54:04.355Z,54354a18,0.0,1,2025-09-24 19:54:04.355000+00:00
414,2025-09-24T19:54:04.355Z,171656d4,0.0,1,2025-09-24 19:54:04.355000+00:00
415,2025-09-24T19:54:04.355Z,93bdd6c5,0.0,1,2025-09-24 19:54:04.355000+00:00
416,2025-09-24T19:54:04.355Z,Total,64.2,0,2025-09-24 19:54:04.355000+00:00
417,2025-09-24T19:56:04.360Z,Caca5cb3,15.09,0,2025-09-24 19:56:04.360000+00:00
418,2025-09-24T19:56:04.360Z,62c6d252,10.58,0,2025-09-24 19:56:04.360000+00:00
419,2025-09-24T19:56:04.360Z,bf9209d2,7.24,0,2025-09-24 19:56:04.360000+00:00
420,2025-09-24T19:56:04.360Z,9550dafc,4.99,0,2025-09-24 19:56:04.360000+00:00
421,2025-09-24T19:56:04.360Z,bf235d96,9.43,0,2025-09-24 19:56:04.360000+00:00
422,2025-09-24T19:56:04.360Z,af2d1679,11.95,0,2025-09-24 19:56:04.360000+00:00
423,2025-09-24T19:56:04.360Z,90d386bc,1.96,1,2025-09-24 19:56:04.360000+00:00
424,2025-09-24T19:56:04.360Z,873d823c,2.96,0,2025-09-24 19:56:04.360000+00:00
425,2025-09-24T19:56:04.360Z,1a2dd680,0.0,1,2025-09-24 19:56:04.360000+00:00
426,2025-09-24T19:56:04.360Z,54354a18,0.0,1,2025-09-24 19:56:04.360000+00:00
427,2025-09-24T19:56:04.360Z,171656d4,0.0,1,2025-09-24 19:56:04.360000+00:00
428,2025-09-24T19:56:04.360Z,93bdd6c5,0.0,1,2025-09-24 19:56:04.360000+00:00
429,2025-09-24T19:56:04.360Z,Total,64.2,0,2025-09-24 19:56:04.360000+00:00
430,2025-09-24T19:58:04.332Z,Caca5cb3,15.09,0,2025-09-24 19:58:04.332000+00:00
431,2025-09-24T19:58:04.332Z,62c6d252,10.58,0,2025-09-24 19:58:04.332000+00:00
432,2025-09-24T19:58:04.332Z,bf9209d2,7.24,0,2025-09-24 19:58:04.332000+00:00
433,2025-09-24T19:58:04.332Z,9550dafc,4.99,0,2025-09-24 19:58:04.332000+00:00
434,2025-09-24T19:58:04.332Z,bf235d96,9.43,0,2025-09-24 19:58:04.332000+00:00
435,2025-09-24T19:58:04.332Z,af2d1679,11.95,0,2025-09-24 19:58:04.332000+00:00
436,2025-09-24T19:58:04.332Z,90d386bc,1.96,1,2025-09-24 19:58:04.332000+00:00
437,2025-09-24T19:58:04.332Z,873d823c,2.96,0,2025-09-24 19:58:04.332000+00:00
438,2025-09-24T19:58:04.332Z,1a2dd680,0.0,1,2025-09-24 19:58:04.332000+00:00
439,2025-09-24T19:58:04.332Z,54354a18,0.0,1,2025-09-24 19:58:04.332000+00:00
440,2025-09-24T19:58:04.332Z,171656d4,0.0,1,2025-09-24 19:58:04.332000+00:00
441,2025-09-24T19:58:04.332Z,93bdd6c5,0.0,1,2025-09-24 19:58:04.332000+00:00
442,2025-09-24T19:58:04.332Z,Total,64.2,0,2025-09-24 19:58:04.332000+00:00
443,2025-09-24T20:00:05.040Z,Caca5cb3,15.09,0,2025-09-24 20:00:05.040000+00:00
444,2025-09-24T20:00:05.040Z,62c6d252,10.58,0,2025-09-24 20:00:05.040000+00:00
445,2025-09-24T20:00:05.040Z,bf9209d2,7.24,0,2025-09-24 20:00:05.040000+00:00
446,2025-09-24T20:00:05.040Z,9550dafc,4.99,0,2025-09-24 20:00:05.040000+00:00
447,2025-09-24T20:00:05.040Z,bf235d96,9.43,0,2025-09-24 20:00:05.040000+00:00
448,2025-09-24T20:00:05.040Z,af2d1679,11.95,0,2025-09-24 20:00:05.040000+00:00
449,2025-09-24T20:00:05.040Z,90d386bc,1.96,1,2025-09-24 20:00:05.040000+00:00
450,2025-09-24T20:00:05.040Z,873d823c,2.96,0,2025-09-24 20:00:05.040000+00:00
451,2025-09-24T20:00:05.040Z,1a2dd680,0.0,1,2025-09-24 20:00:05.040000+00:00
452,2025-09-24T20:00:05.040Z,54354a18,0.0,1,2025-09-24 20:00:05.040000+00:00
453,2025-09-24T20:00:05.040Z,171656d4,0.0,1,2025-09-24 20:00:05.040000+00:00
454,2025-09-24T20:00:05.040Z,93bdd6c5,0.0,1,2025-09-24 20:00:05.040000+00:00
455,2025-09-24T20:00:05.040Z,Total,64.2,0,2025-09-24 20:00:05.040000+00:00
456,2025-09-24T20:02:04.710Z,Caca5cb3,15.09,0,2025-09-24 20:02:04.710000+00:00
457,2025-09-24T20:02:04.710Z,62c6d252,10.58,0,2025-09-24 20:02:04.710000+00:00
458,2025-09-24T20:02:04.710Z,bf9209d2,7.24,0,2025-09-24 20:02:04.710000+00:00
459,2025-09-24T20:02:04.710Z,9550dafc,4.99,0,2025-09-24 20:02:04.710000+00:00
460,2025-09-24T20:02:04.710Z,bf235d96,9.43,0,2025-09-24 20:02:04.710000+00:00
461,2025-09-24T20:02:04.710Z,af2d1679,11.95,0,2025-09-24 20:02:04.710000+00:00
462,2025-09-24T20:02:04.710Z,90d386bc,1.96,1,2025-09-24 20:02:04.710000+00:00
463,2025-09-24T20:02:04.710Z,873d823c,2.96,0,2025-09-24 20:02:04.710000+00:00
464,2025-09-24T20:02:04.710Z,1a2dd680,0.0,1,2025-09-24 20:02:04.710000+00:00
465,2025-09-24T20:02:04.710Z,54354a18,0.0,1,2025-09-24 20:02:04.710000+00:00
466,2025-09-24T20:02:04.710Z,171656d4,0.0,1,2025-09-24 20:02:04.710000+00:00
467,2025-09-24T20:02:04.710Z,93bdd6c5,0.0,1,2025-09-24 20:02:04.710000+00:00
468,2025-09-24T20:02:04.710Z,Total,64.2,0,2025-09-24 20:02:04.710000+00:00
469,2025-09-24T20:04:04.457Z,Caca5cb3,15.09,0,2025-09-24 20:04:04.457000+00:00
470,2025-09-24T20:04:04.457Z,62c6d252,10.58,0,2025-09-24 20:04:04.457000+00:00
471,2025-09-24T20:04:04.457Z,bf9209d2,7.24,0,2025-09-24 20:04:04.457000+00:00
472,2025-09-24T20:04:04.457Z,9550dafc,4.99,0,2025-09-24 20:04:04.457000+00:00
473,2025-09-24T20:04:04.457Z,bf235d96,9.43,0,2025-09-24 20:04:04.457000+00:00
474,2025-09-24T20:04:04.457Z,af2d1679,11.95,0,2025-09-24 20:04:04.457000+00:00
475,2025-09-24T20:04:04.457Z,90d386bc,1.96,1,2025-09-24 20:04:04.457000+00:00
476,2025-09-24T20:04:04.457Z,873d823c,2.96,0,2025-09-24 20:04:04.457000+00:00
477,2025-09-24T20:04:04.457Z,1a2dd680,0.0,1,2025-09-24 20:04:04.457000+00:00
478,2025-09-24T20:04:04.457Z,54354a18,0.0,1,2025-09-24 20:04:04.457000+00:00
479,2025-09-24T20:04:04.457Z,171656d4,0.0,1,2025-09-24 20:04:04.457000+00:00
480,2025-09-24T20:04:04.457Z,93bdd6c5,0.0,1,2025-09-24 20:04:04.457000+00:00
481,2025-09-24T20:04:04.457Z,Total,64.2,0,2025-09-24 20:04:04.457000+00:00
482,2025-09-24T20:06:03.926Z,Caca5cb3,15.09,0,2025-09-24 20:06:03.926000+00:00
483,2025-09-24T20:06:03.926Z,62c6d252,10.58,0,2025-09-24 20:06:03.926000+00:00
484,2025-09-24T20:06:03.926Z,bf9209d2,7.24,0,2025-09-24 20:06:03.926000+00:00
485,2025-09-24T20:06:03.926Z,9550dafc,4.99,0,2025-09-24 20:06:03.926000+00:00
486,2025-09-24T20:06:03.926Z,bf235d96,9.43,0,2025-09-24 20:06:03.926000+00:00
487,2025-09-24T20:06:03.926Z,af2d1679,11.95,0,2025-09-24 20:06:03.926000+00:00
488,2025-09-24T20:06:03.926Z,90d386bc,1.96,1,2025-09-24 20:06:03.926000+00:00
489,2025-09-24T20:06:03.926Z,873d823c,2.96,0,2025-09-24 20:06:03.926000+00:00
490,2025-09-24T20:06:03.926Z,1a2dd680,0.0,1,2025-09-24 20:06:03.926000+00:00
491,2025-09-24T20:06:03.926Z,54354a18,0.0,1,2025-09-24 20:06:03.926000+00:00
492,2025-09-24T20:06:03.926Z,171656d4,0.0,1,2025-09-24 20:06:03.926000+00:00
493,2025-09-24T20:06:03.926Z,93bdd6c5,0.0,1,2025-09-24 20:06:03.926000+00:00
494,2025-09-24T20:06:03.926Z,Total,64.2,0,2025-09-24 20:06:03.926000+00:00
495,2025-09-24T20:08:04.527Z,Caca5cb3,15.09,0,2025-09-24 20:08:04.527000+00:00
496,2025-09-24T20:08:04.527Z,62c6d252,10.58,0,2025-09-24 20:08:04.527000+00:00
497,2025-09-24T20:08:04.527Z,bf9209d2,7.24,0,2025-09-24 20:08:04.527000+00:00
498,2025-09-24T20:08:04.527Z,9550dafc,4.99,0,2025-09-24 20:08:04.527000+00:00
499,2025-09-24T20:08:04.527Z,bf235d96,9.43,0,2025-09-24 20:08:04.527000+00:00
500,2025-09-24T20:08:04.527Z,af2d1679,11.95,0,2025-09-24 20:08:04.527000+00:00
